Cycle,V_mean,V_std,V_min,V_max,V_range,V_p10,V_p90,V_slope,V_integ,I_mean,I_std,I_min,I_max,T_mean,T_std,T_rise,T_max,T_slope,power,dur,Capacity,SOH
1,3.522006703394617,0.2874452516516924,2.145975766935391,4.199497433806136,2.0535216668707448,3.1631713155043744,3.827829330320458,-0.004476584957445708,3.503576570828939,-1.8691188840185695,0.4752966796525294,-1.9968672421771276,0.0009103844987851796,32.62485875142121,3.8821725491629793,13.401434542794036,40.59042914535701,0.06698403763046996,6.624980577651047,197.0,1.89105229539079,100.0
2,3.5319490434317116,0.2797089856913086,2.1110166987852117,4.198510349854315,2.0874936510691033,3.198825278259723,3.832879436979228,-0.004376676430813883,3.513384034126028,-1.8680422715350309,0.47659959994822176,-1.9943911963511516,0.003601550603928921,32.738209593287145,3.767777623445933,12.894650786177674,40.26023408628707,0.06539193575349261,6.639760700063585,196.0,1.880637027686859,99.44923428456647
3,3.5344025220217845,0.28372654574505013,2.0251085128182655,4.198280074112568,2.1731715612943026,3.225678200481766,3.8357024576492535,-0.004413717111038182,3.515783174275093,-1.877784734502072,0.4584167741596034,-1.994681656822022,-0.0010276902277484255,32.68511456550919,3.746724750145294,13.179528534553167,40.27558633997852,0.06542593074835057,6.675209411850819,195.0,1.8806626717011388,99.45059035569906
4,3.53492504932652,0.29008702878464626,1.922542180649595,4.198267468745592,2.2757252880959973,3.2456857749903363,3.8366936157651623,-0.004471448400622795,3.5162720527828277,-1.8875256535871228,0.43922371626617773,-1.9952731083659303,-0.0006983471237198692,32.554748499572646,3.748713692085809,13.62655799624001,40.29314715799111,0.06580954014468005,6.707176467154983,194.0,1.8807709009833444,99.45631358622364
5,3.534536640068787,0.29220641599968367,1.8711590450649882,4.198464224146956,2.3273051790819674,3.245217544736012,3.837257110010596,-0.00448282652803456,3.515872641610284,-1.8871559747738404,0.439454184988277,-1.9935500451030046,0.0005983417342468405,32.46787845303298,3.757399994843755,13.697562862372283,40.268872630219796,0.06595619317950922,6.705140001579737,194.0,1.8794508728285058,99.38650969142624
6,3.5411626672196816,0.26674308476358344,2.1756867065903434,4.197967993115647,2.0222812865253035,3.220873620586544,3.8374336538125493,-0.004246900885296679,3.522390126269672,-1.8675154082122565,0.47752624091693197,-1.9941041745764116,-0.00042434758525011757,32.48624734055599,3.7187797514899983,12.532638623275002,39.67620802332074,0.06491439246789739,6.65194523880405,195.0,1.8807003517117404,99.45258289766596
7,3.541165612176161,0.27118633921124835,2.1117887156019437,4.198023461704379,2.086234746102435,3.2203464389026153,3.839239997108383,-0.004286890160064054,3.5224054232636393,-1.8673304059806155,0.4774906738400573,-1.993164510431567,0.0005401764510727361,32.55779966353037,3.7152261569509877,12.590241054160227,39.803817662926164,0.06487300947351221,6.652238447620495,195.0,1.8799352523566075,99.41212397661985
8,3.5494581176357975,0.27297824294152273,2.026250619894166,4.199372697237068,2.1731220773429025,3.298368794632758,3.843441987369134,-0.004329232547392105,3.530485263976166,-1.9063154499484403,0.3979115030496563,-1.9936540341331743,-0.0003281718194490804,32.45374435641106,3.66750069286357,13.941462767814407,39.88810476942348,0.06545252455128797,6.789979549650176,191.0,1.8815088124038797,99.49533479268811
9,3.5502805464079743,0.2771296154486181,1.9505894332906037,4.19921182024681,2.2486223869562063,3.3101805617658604,3.8442027934472183,-0.004364491349907827,3.5312949678947607,-1.9164259300038171,0.37443743546277825,-1.99377953803378,0.0005697252689816581,32.373246444985035,3.662879470802171,14.405439438919146,39.95162250671474,0.06568836915882173,6.823047906062785,190.0,1.8696907870385844,98.87039039563994
10,3.5481347674910286,0.283812978267983,1.8688247067658061,4.198957678253482,2.330132971487676,3.3075688156091223,3.844139974846542,-0.004422339602183499,3.529176126456158,-1.9165016044519978,0.3742086617157418,-1.9937831213829802,0.0035107556642499692,32.30534276235138,3.6783546666995868,14.55373164983023,40.052021854718284,0.06595621430625458,6.819785607613357,190.0,1.870052380139199,98.88951165957833
11,3.5484272148956437,0.28889633724718083,1.7896213776724978,4.198832114024662,2.409210736352164,3.3172510517045812,3.8442016533322736,-0.00446181475276094,3.529471517086212,-1.926771167846017,0.3483926910622938,-1.9942511729128334,-9.593499764332657e-05,32.183319483399806,3.687673913430504,15.113277967770426,40.1213838436794,0.06645207666554853,6.851706461229862,189.0,1.8700442394188577,98.88908117331621
12,3.5560433603714667,0.27604177175304995,1.910336108594535,4.198945227315025,2.2886091187204896,3.332743239025641,3.84686229497821,-0.004371643689323534,3.536906213720038,-1.936979366983281,0.3204322222158979,-1.9938120330189373,-0.0018154689461531233,32.378853181816005,3.63791535075196,15.2577953559422,40.174657039770814,0.06625294523019537,6.895880640568934,187.0,1.8596518987766364,98.33952785490447
13,3.5604849642800684,0.2717170193494012,1.9086884059809102,4.1990513028067955,2.2903628968258856,3.346034131466753,3.848221808856617,-0.004319382638887136,3.541409621552931,-1.947065774665518,0.2882487625048244,-1.9942213710086447,0.0021769059281878883,32.2913249500013,3.582678179632668,15.394457686470819,40.016434730174936,0.06560585523871401,6.93433810092387,186.0,1.8590746560862206,98.30900290898825
14,3.5562872542469752,0.2826191895837473,1.7868782934275431,4.198107645780677,2.411229352353134,3.3421338388275927,3.8468880219491677,-0.0044093358676254805,3.537271199603841,-1.946961601670498,0.2883646179237529,-1.9939995868905829,-0.0004508051048845279,32.14782797344657,3.622670216832461,15.747276889721995,40.16569230743226,0.06631657209841267,6.926131418118453,186.0,1.8590084577709232,98.30550230165662
15,3.5647746218187324,0.2549992595793087,2.1361343961784502,4.19925638222589,2.06312198604744,3.3492692203612613,3.847791374889984,-0.004198215198512225,3.545454919915786,-1.946851050742258,0.28894202027233323,-1.994356138623711,-0.001132462861187769,32.01380948237792,3.570709862627515,15.107235153048627,39.46139677634257,0.06577521097352258,6.9407767853709625,185.0,1.8593622586957048,98.32421151057929
16,3.565438928797127,0.2598113371383103,2.0133501283179167,4.199087384946408,2.185737256628491,3.3560964264336355,3.8477439384745056,-0.0042257711838561115,3.546372656952168,-1.9574063719005568,0.25171076392728675,-1.9935665024864544,0.0005922421493807632,31.881310103471357,3.5607713646101002,15.62552760054697,39.5636595172155,0.06593074467225803,6.9733440785759795,184.0,1.8587355450601035,98.29107051087615
17,3.565961679108638,0.26669381029351313,1.8575547668336483,4.199009971925293,2.341455205091645,3.3610533004223897,3.8482086750917293,-0.004259946773539595,3.5494142819997725,-1.9680136940585706,0.20658857155432495,-1.993742172224942,-0.0019590482402041375,31.854304304240515,3.552969052142723,15.696931604835171,39.628948319501816,0.06615967192804326,7.004109320745559,183.0,1.847817291322145,97.7137065868551
18,3.572496559005355,0.2443446202400194,2.1657556124208934,4.1985172274243965,2.032761615003503,3.3665735490836246,3.8484882466326855,-0.004096406169221476,3.555012292961824,-1.9680499927642312,0.20727562782238032,-1.9946244036549008,0.0004326258514957495,31.856555404576753,3.5240064913765976,15.239692476211143,39.225347214914876,0.06600180988184619,7.017177536541929,182.0,1.8485252916137047,97.75114607455649
19,3.5699492020415136,0.25329366708168694,2.0270686341513207,4.198245740608724,2.171177106457403,3.364659658271393,3.848445929973421,-0.0041706851187217064,3.552846976013128,-1.9680218912213907,0.20716884485636725,-1.994455565707021,-0.0024409084852146062,31.867182607083926,3.5311983271559155,15.424484814280056,39.4126321606434,0.06613783027645062,7.012093937656036,182.0,1.848378951850034,97.74340753850292
20,3.5464338449590023,0.2870418502164071,1.905311669649934,4.196262462698172,2.2909507930482382,3.29284228721986,3.8460672868386414,-0.004442652728604416,3.527718820923153,-1.9066656790606797,0.3970264906393026,-1.9992261048783584,-0.0008292148953224378,32.35216872128999,3.6200786747538674,13.907748283079137,39.95874037686836,0.06424129049130789,6.7887728511374865,192.0,1.8807805437609766,99.45682350219242
21,3.5531968089006387,0.28839720112764217,1.7951975189442124,4.1969587758867,2.4017612569424878,3.326802430263521,3.849778084501907,-0.0044278426645990845,3.5344569645278474,-1.9267118604677658,0.34743557997528324,-1.9940266531677509,0.0007573311396121474,32.60219299451182,3.609319632122495,14.690160804544192,40.31302300333008,0.06474277280198729,6.862634627407332,190.0,1.8814721597443598,99.49339657767368
22,3.5599340214678805,0.262396085205122,2.1058524852518143,4.197071720130598,2.0912192348787837,3.333592138064125,3.8481744796274446,-0.004222576297932918,3.540932294195797,-1.9260915660103672,0.3484920989459363,-1.993858646326954,0.0013452537587627588,32.19571819720114,3.5383074860799546,14.088524466708161,39.359447242364645,0.06383416840850897,6.870837765167407,189.0,1.8810954313244785,99.4734749488113
23,3.5595604968237993,0.2755055664428783,1.846021007590992,4.19690260801443,2.3508816004234374,3.347953399514557,3.847687713208715,-0.004310899461272944,3.5406858584303014,-1.9468340181835688,0.28754259789672953,-1.9927272592846585,0.0006146261200233335,31.805988160181123,3.5365956799637424,15.24829647147374,39.454159451189874,0.06443024767338716,6.932512249986269,187.0,1.8710089649779995,98.94009644991608
24,3.552385161941813,0.28817671720490146,1.7370300333706354,4.1966416719103465,2.459611638539711,3.3343450452791443,3.8461251468221143,-0.004427392939374318,3.5334740609440467,-1.9364196896718646,0.31982012695944373,-1.9934659604006035,-0.000273936052171472,31.737001978644926,3.6015349556344587,15.21800683186257,39.641748274009444,0.06525334912125659,6.8882633299564064,188.0,1.8701995151941375,98.89729225111972
25,3.5707670304281067,0.2505087558173121,2.0506492642329937,4.1971302559922,2.1464809917592067,3.3670875164644127,3.847904809328326,-0.004089445150525088,3.5537893686883644,-1.9675984733558025,0.20616966472270115,-1.9930006393050421,-0.00037863003489925804,31.51707667966367,3.467097459094623,15.131802667287836,38.86906912217273,0.0642206035163844,7.012299311082378,184.0,1.8706715362800985,98.92225301434723
26,3.5657224847439295,0.26724293226716145,1.8254369744762284,4.19652461108806,2.371087636611832,3.3637259460868214,3.847450708465516,-0.004222504459014362,3.549358660675245,-1.9680130544442065,0.20601669067896197,-1.9947910338783705,-0.001495415658066508,31.442860781038384,3.4910890369414163,15.466127080493266,39.11839966443177,0.06466953083057328,7.003779503890719,184.0,1.8596124644020169,98.33744254109715
27,3.5712835067487094,0.24546299726358747,2.134879000684994,4.196790308710931,2.0619113080259366,3.3676619331498943,3.847353870593336,-0.004070494969626648,3.5539838638268635,-1.9675572757550353,0.2067971048262254,-1.9956093835681803,0.0005398984445576489,31.32326275303232,3.477481789559444,15.153498896868157,38.68010761281634,0.06477900051667036,7.013113717821319,183.0,1.860033909718346,98.35972882674649
28,3.5679716274891398,0.256383090128758,1.970455493406623,4.196693048697735,2.2262375552911124,3.365114206000446,3.8471856264760964,-0.004159920330376051,3.5511214948604395,-1.967618505240168,0.20657115133389814,-1.9936520198661494,-8.502750867487407e-05,31.28571570579735,3.496093238915817,15.375895896781618,38.863045678198645,0.06512577684812855,7.0067311543013435,183.0,1.8591653109160768,98.31379679174215
29,3.5646314038791784,0.2688392479727567,1.8132694309760007,4.197078923354,2.383809492377999,3.3627552262305245,3.847486112083422,-0.004260742789800096,3.5482096870640683,-1.9678214300979182,0.20655645682563994,-1.9944764248874858,-0.0021454320098209796,31.331850868998004,3.5126895678617203,15.642009011424818,39.14531169811219,0.06542911631509211,7.000838666161851,183.0,1.8481398178778288,97.73076198804469
30,3.568983888921194,0.2510097241436422,2.0483657324095637,4.196062203382386,2.1476964709728223,3.365624592833014,3.8469291133279535,-0.0041396489851047375,3.5518288671195677,-1.9675056354779956,0.2070579900700325,-1.9940826161567085,-0.002512174488189696,31.32285733932258,3.4937493267933273,15.317470557342755,38.8380564174779,0.06545671832517996,7.008310778196663,182.0,1.849201702126164,97.78691507545129
31,3.564620688944316,0.24235648397605905,2.181560983985832,4.206531081984383,2.0249700979985508,3.3523584065712404,3.8494555687778096,-0.002018454054496918,3.5550664310004945,-1.9683447778186904,0.20521217145448947,-1.9940812941255717,-0.0020329549327671587,31.608436452122476,3.51820888005486,15.241662767453011,38.95965174080089,0.03231500329254762,7.0173652761767356,371.0,1.8834677437950846,99.59892428071969
32,3.5694388142217837,0.23904274000018072,2.1177799354077496,4.203187727641822,2.0854077922340726,3.364623035851301,3.85079110132783,-0.0020088658271057817,3.5607799544093877,-1.9788067754387157,0.14698688650583963,-2.003329552797809,0.0016192589541852626,31.782101501165204,3.380302800718849,15.099581562958374,39.053875772291974,0.03152752755362333,7.056354786189378,365.0,1.8628211117905844,98.50711777410832
33,3.568742147335628,0.2361226467707183,2.1637448793153697,4.202997027311235,2.039252147995865,3.3636843842885047,3.8490477422150327,-0.002007166693106301,3.559972725284431,-1.9785908218423578,0.14711734266167353,-1.9938003511879974,-0.0016772567366890668,31.515041989202878,3.363520252997762,14.963879475321406,38.699551697978606,0.03154003494740697,7.054124414620691,363.0,1.852085039652352,97.93938772431541
34,3.5642424070467817,0.2435637592164921,2.0456561472058055,4.2027504558714135,2.157094308665608,3.358498768105562,3.8467476107443277,-0.002046020999287034,3.5556120111861778,-1.9784335668087778,0.1472609174758871,-1.9942339530946611,-0.002490125507280818,31.13866351339678,3.4075643650648044,15.295433527231793,38.6052414906155,0.032055368713336856,7.044595156577946,362.0,1.8469504648208708,97.66786827220949
35,3.5653038098527605,0.2380524119042055,2.1356202266992863,4.202665067816707,2.0670448411174203,3.3585450369081133,3.8470014276219735,-0.002035728039946054,3.556500868159083,-1.9781601679702336,0.14777650141295554,-1.9932621441916,0.00021208804630958597,31.068710515588776,3.3689280446409944,15.120099267077283,38.42604747702835,0.03184291361282733,7.045683536307282,360.0,1.836828431169018,97.13260895248978
36,3.565432167703823,0.24360198231062685,2.042987153745025,4.20243913428064,2.159451980535615,3.3599166059538454,3.8483394057901283,-0.0020574630234792366,3.55675796452601,-1.9783765899690637,0.14769064609715238,-1.9932668899112056,0.0016978688568831312,31.618244836823447,3.4394022053585354,15.307890639243656,39.0468968949422,0.032551967725269366,7.046753177730188,360.0,1.8371619619672275,97.15024626474299
37,3.5622303163451425,0.24837093630083507,1.9786162394118947,4.202794567899269,2.2241783284873744,3.3556255179901147,3.8468932643587954,-0.002086864076264365,3.5536212196720927,-1.9780771457931066,0.14807220716513025,-1.9945447573637072,0.0006200071499489343,31.331528063668397,3.413453157377257,15.349142181547219,38.836764958613884,0.032383072820204216,7.039295616306024,359.0,1.8316722583718854,96.85994738677316
38,3.564481026852489,0.23693822731644562,2.15845357648832,4.203135326288817,2.044681749800497,3.356983794872365,3.8458389655350316,-0.0020491543540370385,3.555571394432045,-1.9780971417908424,0.14843712211776988,-1.9937887547057833,0.0003106338402807465,31.132569191182142,3.426266595856784,15.24021628060099,38.49981470604549,0.032692304208086664,7.043777264047147,357.0,1.8211470951317783,96.30337032828774
39,3.561614556780574,0.24121089374904708,2.092603698932653,4.202837061508687,2.1102333625760337,3.3535661558676906,3.844406058212126,-0.002075304523299709,3.5527728410691504,-1.977978349880126,0.1485468782929041,-1.992201283338572,1.0269396682341148e-05,30.972969676157927,3.4730985811134674,15.554818031636746,38.582340147970775,0.03324610985171631,7.037656892196672,356.0,1.816506091511515,96.0579512231908
40,3.5630587459190144,0.2377592209805917,2.1528886431678034,4.202745735932991,2.049857092765188,3.354502895768518,3.845212135971881,-0.002066528417759785,3.5541073778205803,-1.9784334957218421,0.14869563071084269,-1.9945004268443043,0.00063068070763254,31.1990648511682,3.4999644177634317,15.591927209484577,38.787499833494046,0.03360280956125005,7.042153049672652,355.0,1.8113815601504555,95.78696287593303
41,3.5629534367704405,0.24427062964618607,2.0537418826405966,4.203198796599359,2.1494569139587627,3.355057035015569,3.847345791755901,-0.002096837051154085,3.5541410748302957,-1.9782873833989176,0.14888480509231408,-1.9931746766502974,0.0005017093700327061,31.722267598269813,3.489535773627038,15.552791607971628,39.31221126031847,0.03350998471539738,7.041370484262186,355.0,1.8116056333939583,95.79881200586186
42,3.563446012076242,0.24292877825753523,2.0793300586339956,4.202901668731174,2.1235716100971787,3.354592087054126,3.8480915249765033,-0.0020993247336468226,3.554573217865631,-1.9781961432676651,0.148965936617679,-1.9946160382197378,0.001495453213727525,31.900827580605675,3.453732440693354,15.413357167898162,39.40567993360536,0.0332486906272269,7.042090292970982,354.0,1.8060548955557403,95.50528559986307
43,3.563998342345823,0.25327029403423074,2.0759793304520757,4.196154302326916,2.1201749718748406,3.3550445500215806,3.8484777472440106,-0.004270118619493569,3.546478498975808,-1.9670969462670498,0.2090627886753873,-1.9952878943511754,0.0009071057750656541,31.5372402498617,3.5356532818719244,15.610639509571417,39.32802757827611,0.06732356849371207,6.996726176092394,179.0,1.8132041826994056,95.8833442691601
44,3.5604902283110547,0.24529230432510515,2.0674349483094465,4.2044772244864275,2.137042276176981,3.3491549044574476,3.847169190672817,-0.0021172211282311578,3.5516318520240424,-1.9781214643703728,0.1489594972779903,-1.9951041266249487,-0.0007153493376797931,31.24662583059252,3.352701649272975,15.081358558368997,38.6112528181758,0.0322285731690001,7.035874051613375,354.0,1.8062641938283535,95.5163534203101
45,3.5567002097886946,0.24718150200077496,2.037264031192436,4.20211656315423,2.164852531961794,3.344501417542818,3.8433912530791545,-0.0021372890365125223,3.547837853023746,-1.9780364457328714,0.1494284562122661,-1.9939079880095492,-0.0012469857773277939,30.939399361884792,3.427249603700407,15.481653070217526,38.569726951286874,0.03315379329434354,7.027997641263673,352.0,1.7958310249900458,94.96464108196085
46,3.5584127263446006,0.23972404685296034,2.1632674190148338,4.202901194454151,2.0396337754393175,3.3454211138155827,3.843115690895906,-0.002117435518198884,3.5493181997539316,-1.977935781469453,0.1499746649560789,-1.9931708315999248,0.0005268652442651537,30.884857004354572,3.4451204067835475,15.354788360354021,38.34572083526661,0.03353020541185836,7.030977354566895,350.0,1.7858852600390451,94.43870295876657
47,3.556136820956992,0.24353239714133773,2.106631526845483,4.201790697233378,2.0951591703878947,3.3424885839981577,3.8420537996791033,-0.002142569079381343,3.5470990163220115,-1.9780170042003,0.14992267004756327,-1.9937766833094566,-0.0024226440673283433,30.920682316695828,3.482820431217398,15.507256647043704,38.482540634946716,0.03400667709050172,7.026734787284889,349.0,1.7803268604502753,94.14477139472058
48,3.568999942180493,0.23779858875750914,2.1809272860788376,4.191916354433964,2.0109890683551264,3.361856269268019,3.8526255876380175,-0.002059613535040145,3.5600493190898845,-1.9779140108313502,0.14860159467659112,-1.993416647067197,-0.00017580190974296852,33.880577817079796,3.252960553213002,14.580852214023935,41.0499421893331,0.031095262927434208,7.052225033682038,356.0,1.8150756899575577,95.9823107156573
49,3.571059290544873,0.23785906798506715,2.1773498094527195,4.20342192245769,2.026072113004971,3.363893881136955,3.856825813038254,-0.0020661482213548375,3.5620976613837225,-1.978162017642311,0.14858283335477085,-1.9946576173158321,-0.0012601283929447712,33.038339318294426,3.3468582106910603,14.975589339732917,40.361944885615415,0.03198571800572115,7.057055086772032,356.0,1.8157025154845838,96.01545763224729
50,3.5666921284622095,0.23760527129618003,2.180136101967249,4.202807443974011,2.0226713420067624,3.358055095285957,3.8520086627444377,-0.002083523952010633,3.5576515918950884,-1.9779553399945098,0.1492321114384013,-1.9927642557550822,-0.000769330814282425,32.27329169539202,3.3756627697109653,15.140404352891927,39.6676965288026,0.03253166291816251,7.047600377217193,353.0,1.8002432178056673,95.19796053200334
51,3.563327431073248,0.24105488010739884,2.1286295199076855,4.203276539809248,2.0746470199015623,3.3538200120988346,3.849748357149181,-0.0021131742847685774,3.5543076218713723,-1.9779914337720734,0.14961359454639447,-1.9950332824030974,-0.0006536943792753395,31.937919783481355,3.443436671543625,15.432178440795141,39.481181404811096,0.03339794157011937,7.0410062248815315,351.0,1.7904476205609308,94.67996336880418
52,3.5590146214829015,0.24277115965808288,2.155901281560187,4.202580870413733,2.0466795888535465,3.3452744100568226,3.8468433750927074,-0.002140538625623401,3.548983578362971,-1.9721889844228178,0.18321554183214092,-1.994232501388858,0.0007008105306003851,31.688686599521045,3.496381532348714,15.694278923322287,39.419051143069204,0.034021948090035926,7.015971576735124,350.0,1.780343032300132,94.14562657201503
53,3.5566945836342914,0.24879599446153314,2.067103728219671,4.203244171517053,2.1361404432973816,3.342692205084573,3.846556034393912,-0.002176330204366443,3.5466734620816665,-1.9723254573804139,0.18341975964719076,-1.9927179646840105,0.00015040857434587754,31.779120691032947,3.555534379207058,15.978715401615254,39.72196117128354,0.034712651864564084,7.011985217159233,349.0,1.775328769596812,93.88046929870528
54,3.555013984911923,0.2513247440204203,2.0619831864543094,4.202697222668131,2.1407140362138213,3.337312255870139,3.8469730651375103,-0.00219995743241958,3.544820006725741,-1.9668382736785281,0.21152672057298152,-1.9937154240389596,-0.0009153700172719097,32.133873372089305,3.5837263034233016,15.95998067166498,40.041366724781085,0.03498875666208773,6.992797946120343,349.0,1.7702629734732853,93.61258690667022
55,3.5526373754067415,0.24843977298975742,2.143037413381466,4.202581421564202,2.0595440081827356,3.3291706175745466,3.8450522843421844,-0.0022058933077112597,3.5422946036623446,-1.960929600351624,0.2366096302019096,-1.9925505277409798,0.00014659719067076842,31.889431533099835,3.5516310641707514,15.61413715088117,39.66314441864834,0.03475452479768591,6.970040610941715,348.0,1.760081061854204,93.07416120348377
56,3.547186025484395,0.2591347484640653,1.9929057988209282,4.201275185814673,2.208369386993745,3.322203629597459,3.842857913573704,-0.002265012547596771,3.5368491316287516,-1.9607588424014128,0.23690268546827994,-1.994265959280498,-0.0009119903753978465,31.81736328028127,3.610373519382387,15.98227500974695,39.84751541049116,0.03544934641597033,6.959175730116882,347.0,1.749647593537689,92.52243302854406
57,3.546814755244375,0.2566708502475146,2.0335961968180234,4.202508747096239,2.1689125502782156,3.320045199092937,3.8423855237241398,-0.0022651097614542004,3.536433371248548,-1.9607439129501683,0.23725449124295286,-1.9932021181710204,0.0010974883571477682,31.72316205746117,3.6410744013520295,16.15571870764068,39.743357771631004,0.035855885857594826,6.95816641549247,346.0,1.749650075059311,92.52256425292258
58,3.5447850172972655,0.2590391092431144,2.0213017345171265,4.202333230196108,2.1810314956789814,3.3130897660516903,3.8420542375770617,-0.002284717159047422,3.534332785137001,-1.9550964299704847,0.2595637502376604,-1.9932663431900044,0.0017748697671920149,31.957150654392294,3.721644074023953,16.104147056589348,40.07246786936068,0.0366849918193216,6.937116762003771,346.0,1.745028739214683,92.2781851918098
59,3.5465215420964156,0.25599663439330134,2.0789964919635966,4.202490707154508,2.1234942151909117,3.3134518038555356,3.8439540663202143,-0.0022819117091936636,3.536026537685053,-1.955058998571939,0.2597754002497576,-1.9938941800121164,0.0005136007463939187,32.29917704213345,3.631661556788779,15.784012560776194,40.247716114003914,0.03587308815835175,6.940210607337136,345.0,1.7396457455286727,91.9935291989993
60,3.540832547654255,0.2637981986834192,1.9925354808829658,4.202290557382721,2.2097550764997553,3.300039965000675,3.8416277282684614,-0.002330494076752952,3.5302885134031543,-1.9491545130405272,0.27992445983861897,-1.9929599237339224,-0.0018160550004962658,32.128842946565555,3.646211067036828,15.73192400235267,40.27220819224188,0.0359943958948508,6.911023399776703,345.0,1.7285642277717963,91.40753177397374
61,3.542992511358393,0.25433595231008316,2.14041602578448,4.20313824854604,2.06272222276156,3.301537544079213,3.841182373616301,-0.0022996578303837393,3.5323486293217514,-1.9485230174751031,0.2810230250199101,-2.002837999763986,0.0002657157345997756,32.021134355757404,3.6712023779065106,15.72681079266647,39.89848456781458,0.03649170977353421,6.912258187360674,343.0,1.723900324588418,91.16090172599749
62,3.5360811169860216,0.2648942463001822,2.006753861515003,4.202703239422359,2.195949377907356,3.2851731678487486,3.8387826708041293,-0.0023626649279970963,3.5254050760327793,-1.9431227050969846,0.29989514018536995,-1.994963835157279,0.00032219947807198153,31.859048861486652,3.723390766043564,15.905209027199597,40.0571305311587,0.03699021534258411,6.88245499892166,343.0,1.7139788776485192,90.63624955407813
63,3.5392436935272635,0.25696742774933107,2.121868132176415,4.202907102508285,2.0810389703318704,3.2893325796162856,3.8395165488133403,-0.0023284434348753184,3.528516795180042,-1.9430080085541772,0.3003153138279422,-2.0016459444206927,0.0004335128310188525,32.16100333536097,3.792421226705538,15.939603186675104,40.240711749549135,0.037843847936430045,6.887782918470807,342.0,1.7139701997004613,90.63579065888634
64,3.5348237062932575,0.2662038409344857,2.0119648758828452,4.201457080806326,2.1894922049234804,3.2799253167445177,3.83990821384188,-0.0023933985022021355,3.524087206499088,-1.9425165961920092,0.3009740923792116,-1.9940444299252393,0.0008557352401421723,32.10276048728767,3.6038326573225334,15.373027058633497,40.12941739090177,0.035983893704986704,6.877961106240727,341.0,1.7036521173638766,90.09016416501656
65,3.5366477402090606,0.2616558182168718,2.0744390946376323,4.204304103661928,2.129865009024296,3.2772722469185753,3.8399987029998446,-0.0023698179952018447,3.5258435089716125,-1.9370190075205085,0.3186080584168873,-1.99394242124594,0.0009344669590898851,32.33880662180898,3.7734678513608726,15.706712711039525,40.3959693732437,0.0377536775207155,6.863881321640436,341.0,1.7040137474382486,90.10928738414982
66,3.5352062840980913,0.25544791069144723,2.188793384556236,4.20220228055958,2.0134088960033436,3.266629429286329,3.8369548275014598,-0.0023480199943624767,3.5243059478388177,-1.9310192096578356,0.33583111935932713,-1.994068391906693,0.002218898125991317,32.21373014824893,3.806474467128874,15.51787656717525,40.18751058333668,0.03821969159456487,6.8408999742765255,340.0,1.6935716157343033,89.55710108399319
67,3.5329852237553396,0.25706788640824413,2.1739523632140685,4.202001482736379,2.0280491195223105,3.2617052665695483,3.8355913373857646,-0.002366815452328267,3.522052560708427,-1.9304738354803441,0.33610450717728846,-1.9931157642861432,-0.0005031657572301142,32.09949526722965,3.8368014709408094,15.629554015632351,40.14605167557969,0.038645255117308715,6.834541734485141,339.0,1.6876577363877656,89.24437153331117
68,3.532158560934324,0.25743321846075945,2.1783847786257136,4.202600613133091,2.0242158345073777,3.259060613815875,3.835510483873629,-0.0023790460754748786,3.5211907305709444,-1.9305510314753316,0.3367955832619307,-1.9932876007572093,0.0026672247503980754,32.11305439113157,3.8534531796730453,15.70824535738764,40.18846095484838,0.03893246774227704,6.833282622765464,338.0,1.6830744356583152,89.00200379231205
69,3.5308376380023527,0.25735132818647616,2.191481814157953,4.202328519159183,2.0108467050012298,3.2481451541145967,3.8348642478270287,-0.002381711566189908,3.519833075742866,-1.9247195409983122,0.3526649608118804,-1.9932567265208059,0.0005503459303460755,32.20371989479744,3.8766566501795,15.559424166914031,40.2789498830108,0.03917456892805709,6.811675895608562,338.0,1.6779270142025482,88.72980500287017
70,3.5296958440720005,0.25903317835716594,2.1753473356526807,4.202855889678493,2.0275085540258124,3.2446461867623966,3.8348101540509933,-0.002401745165832921,3.5186586106396716,-1.9245739020356052,0.35306848458191703,-1.9933610066273437,0.002600197507149313,32.23340825772458,3.8809728822466507,15.582579960500269,40.310727434969614,0.03933391193980144,6.809125573262897,337.0,1.6732060275966172,88.4801563486559
71,3.5281819372126093,0.2590267647030847,2.1832922624558813,4.202212609390717,2.0189203469348356,3.241994871283727,3.8336774027200935,-0.002411242553143562,3.5171102530494047,-1.9243785304854075,0.353697587121458,-1.9942955362628867,5.813877826634093e-05,32.212169716369466,3.897110967912235,15.628269957403614,40.31733812871393,0.039623400994937386,6.805284669879654,336.0,1.6674367208253988,88.17507188402843
72,3.5265730179666974,0.25895117983184,2.192864020990023,4.202335745153063,2.00947172416304,3.242251189727268,3.8328507915681973,-0.002412885786154674,3.5154671742276467,-1.9184028799161776,0.36885103516009277,-1.9951017113211473,-0.0006209850775538972,32.21746401954225,3.918876824662239,15.493860911252622,40.332563430145015,0.03984995714317331,6.782469196638679,336.0,1.6622662630667526,87.90165492082501
73,3.5245022548553444,0.26179245053019967,2.1560972126643922,4.201997273379946,2.0459000607155535,3.2379708036513843,3.8319462372002446,-0.002438714097899488,3.5133688058322745,-1.9181664471622712,0.36930143578125346,-1.9939693898192545,-0.0008196546730972273,32.23410177209762,3.9425202907421366,15.605898968168802,40.431258866851486,0.040208850811494334,6.777915180888027,335.0,1.6574243065763063,87.645609305257
74,3.5228548406546385,0.26334902608175864,2.138540138129487,4.201599523927098,2.063059385797611,3.2356356344186583,3.831190756976625,-0.002457346832415097,3.511690642357491,-1.9180994998619483,0.36972121910128913,-1.9959097500887342,-0.0005785652845972775,32.228343983674435,3.9516136358563108,15.645439523661512,40.46247985933005,0.04042532659680159,6.774574138744443,334.0,1.652538684928734,87.38725464951953
75,3.5222829121237855,0.2622165090473685,2.1646493163558524,4.20196227209543,2.0373129557395773,3.23703368246142,3.8306132932762305,-0.0024610881315058706,3.511076925725274,-1.9179522150901998,0.3704409853164542,-1.9950531920364833,0.0007067950076479342,32.1833106060944,3.954583146041962,15.62815616316971,40.40103455658551,0.04058228832925061,6.772681441073296,333.0,1.6472174627573322,87.10586517211738
76,3.5189923820688493,0.26579878809823443,2.1187211383693167,4.202045571197949,2.0833244328286327,3.232189046911984,3.829419820737133,-0.0024834445461739897,3.507762897389028,-1.9116539768893375,0.38501324372590207,-1.993252278498655,0.002584297365125661,32.17200142078129,3.989270609895539,15.57347351906947,40.4426971996319,0.040944403391845366,6.745821714155425,333.0,1.6364136810898071,86.53455460107405
77,3.5177844279570794,0.26600215117219994,2.1377868706438155,4.204697039833386,2.0669101691895704,3.2286821832173906,3.8299536781587067,-0.002493617099342882,3.506545836784173,-1.9115865510736891,0.3850783041628466,-1.9934424013813434,0.0016296703790506485,32.03316223587618,3.9283211145844676,15.42687829959618,40.26214977673693,0.04028663138462707,6.742897409129836,333.0,1.6362554312048496,86.52618625053486
78,3.5212226057273495,0.267463244027458,2.103155697792567,4.203964293328523,2.1008085955359563,3.2262923303847044,3.832953340046825,-0.0024993411757226335,3.5100362386321775,-1.917648718820213,0.37032820729133353,-1.993721164618022,-0.0003124695442695881,32.506671891788216,3.863021171137795,15.31229182071138,40.645668361956844,0.03959332086824557,6.770428103284834,333.0,1.641119179218384,86.78338421514901
79,3.5172227884430147,0.26251805234594217,2.186737546753024,4.201985395805308,2.015247849052284,3.228021004120763,3.8275771993458685,-0.002487024739783971,3.505913587046751,-1.9111337702474194,0.3859863634088458,-1.9950801271316676,0.0010705188392996711,31.961039485620926,3.9075613618643468,15.273917833370867,39.95209030011925,0.04033217659933525,6.73971556010855,331.0,1.6315700789656966,86.27842196339309
80,3.5125010864221813,0.26841940308331047,2.1007747911593695,4.20178017149305,2.101005380333681,3.21960146917171,3.824526289638674,-0.002529527097625594,3.50116777047378,-1.9108556098369367,0.3864575673331354,-1.9937540476262585,0.0012645403116355951,31.798082670491866,4.039383392805075,15.72686117913615,40.165034583244065,0.04183213223123812,6.730153072514826,330.0,1.621213282987236,85.73074826850355
81,3.5129614635074673,0.26549914451346457,2.1417010068719846,4.202220537976551,2.0605195311045663,3.2227568043366013,3.8246406308694,-0.0025099029219575893,3.5015967166377586,-1.9049762303506044,0.4005172724970495,-1.9934634318284483,0.000774643552012622,31.95802833708937,4.100074784183007,15.694805849202272,40.36674175781141,0.04249710273573681,6.711392992521787,330.0,1.6164273214762122,85.47766370163623
82,3.5125204100391962,0.26924432437899815,2.0912297625621297,4.2013887453306085,2.110158982768479,3.2211824565309084,3.8257389734215765,-0.002533317304951936,3.501171014023218,-1.9051068520548522,0.4005777576368912,-1.9955237523449136,0.0004752084007865389,32.41813169746276,4.104813634275824,15.780622377149278,40.88269125311642,0.04253979933994817,6.71184939031615,330.0,1.615823510161921,85.44573379066746
83,3.5151454557578807,0.264592914024469,2.1663009505205935,4.201620573144587,2.0353196226239936,3.2246353135261474,3.8272645035146655,-0.002515863600995768,3.5037506872680484,-1.9049079394753692,0.40110938112637234,-1.9937747556066172,0.0014730247330521256,32.64044972789331,4.035276418212726,15.400832006832431,40.856332202254556,0.04196033620646365,6.715694891316492,329.0,1.61672418029789,85.49336177737963
84,3.513443179473182,0.26388369352167246,2.1843637809529235,4.201668680267049,2.017304899314125,3.2231857694812533,3.8258092438640054,-0.0025110389548676083,3.502017999873307,-1.898761620917719,0.4145639691317064,-1.993529946094214,0.0007479343585839389,32.56399373078006,4.0489676097337375,15.24759060110178,40.778024611598504,0.0421038296202725,6.691576892231123,329.0,1.6108655863730026,85.1835557535501
85,3.5097089402574535,0.26957573994134193,2.113995772639173,4.202567159315787,2.0885713866766142,3.21506881718259,3.8247688939617146,-0.0025682647108598335,3.4982382028100263,-1.90433828068926,0.4023836860850073,-1.9937950394148773,0.002791130516547081,32.28305350922276,4.030966130077138,15.426549014626836,40.5829305350897,0.04213799136531366,6.703057537261912,327.0,1.6006603374309376,84.64389595847521
86,3.5042771471756997,0.27593869419229977,2.0287779476202195,4.201472345711643,2.1726943980914237,3.206951192800375,3.82167971061324,-0.002614812770903339,3.4927808614703473,-1.904192698545851,0.4031010093914232,-1.9948137474440242,0.0015411386303345927,32.06065237439007,4.1025915192805655,15.892037185685819,40.6345689985191,0.043013534479129714,6.6925699909326815,326.0,1.5959174487005663,84.39308910654776
87,3.509207943122176,0.26403401116573244,2.1948906641943635,4.201332830124454,2.006442165930091,3.220306535575291,3.8221733701104856,-0.0025387496011069063,3.4976706908495685,-1.8982712229514884,0.41633846419839154,-1.994905249607193,-7.384784317216585e-05,32.365261126964526,4.154090104643841,15.601815662057486,40.75070125010339,0.04362062726016605,6.68117225105589,326.0,1.5962179519462243,84.40897990165642
88,3.5095064920492853,0.26651020354295685,2.1621122251410005,4.201522880341636,2.0394106552006352,3.2165328778488527,3.823875268556559,-0.0025561915294323827,3.497978755685614,-1.8977934870545983,0.4164923578079049,-1.9940601969636647,0.0018530612527821342,32.68851871366292,4.12963931213872,15.534170171682593,41.0672419235651,0.043355267300444526,6.680814703161506,326.0,1.5958065114633972,84.38722267771132
89,3.505203266169396,0.27780037236330035,2.0092802451741245,4.201386492450036,2.192106247275911,3.202258458944392,3.823815727724041,-0.0026363019387948103,3.4936854710888094,-1.9036436467205253,0.40372631842414586,-1.9937194932286224,0.004041019442751478,32.747733642524246,4.151667084862949,15.947920696548717,41.40590880756584,0.04368716350811146,6.693343216609761,325.0,1.5906507821480704,84.11458456358338
90,3.5281182345919753,0.27416305799250557,2.144268362237989,4.2333254357000865,2.0890570734620977,3.2330771267428107,3.8524696501989553,-0.002545583294787151,3.5172022584469933,-1.936992342648715,0.31958358926764696,-1.9937139334305616,0.0010773421833417186,32.50500516961017,3.999264397606396,16.569805728354336,41.01558674901627,0.040235855335570156,6.846457338207184,339.0,1.6888211161855506,89.3058917673428
91,3.519590928396835,0.27054736304342386,2.0962813773920193,4.203917718634026,2.1076363412420065,3.216992417764548,3.8333232077401287,-0.002556201763591387,3.508315100712421,-1.9233409193548265,0.35732712227323765,-1.9940123642001173,0.00016193231789911412,32.91993878980996,3.9779476648867633,16.0137489853983,41.31851435911838,0.041299082772562945,6.786354594376802,329.0,1.6259938279733204,85.98354640622486
92,3.5146260368096875,0.27485823359870815,2.0376560852489356,4.202046403451837,2.164390318202902,3.2139295017840555,3.8308164601477226,-0.0025904202550250553,3.5032859369431857,-1.916884219356136,0.37299749235952684,-1.9933319825535087,0.0025807635004239486,32.948305858317944,4.0004148447474615,15.883409463116568,41.4002950560853,0.041666135879926944,6.755904169311118,328.0,1.6157433862812898,85.44149679093846
93,3.5115494818370454,0.2738568804220646,2.050265845971926,4.201592874087554,2.1513270281156283,3.2153537215258368,3.8280538123078123,-0.0025933706591767325,3.500132879005035,-1.910472150518363,0.38840976951005973,-1.9934516762680057,0.00030225152811291756,32.76906651915661,4.043926015268153,15.801718361581347,41.2508092329952,0.04226419637851656,6.728288780931105,327.0,1.6056626764846538,84.90842270191371
94,3.510769869032659,0.26772380868625756,2.1421639870693685,4.201214370586727,2.0590503835173584,3.216285706202889,3.825496471577628,-0.0025643670894230407,3.49927094781102,-1.904277326283454,0.40296100009297364,-1.9942033375334116,-0.0006093698061376766,32.59734424608833,4.061553116289224,15.544588723346063,40.95362783962595,0.04260610320156014,6.705138956248595,326.0,1.5949746921524348,84.34323556466374
95,3.50804494279531,0.2714351723858833,2.093098662464846,4.201660608337926,2.10856194587308,3.2109789929110804,3.824369910995276,-0.0025965791401345024,3.496513825596156,-1.904002494100001,0.40347471459758105,-1.9942540792901025,0.0005774339704760785,32.52349894408369,4.1006818446076005,15.71266273055469,40.989022190981714,0.04315490039497799,6.699233152676343,325.0,1.5904102438871945,84.10186475348281
96,3.507748080950393,0.27050869918323595,2.109503853325003,4.201750207865124,2.092246354540121,3.212165954797332,3.824066093092576,-0.0026007976673401013,3.496178083755467,-1.9036546380501311,0.40435867681465476,-1.9999801485407718,0.001450116371467092,32.578228834731775,4.111733496864432,15.730272823460986,41.02622774121347,0.043416239471157456,6.697432532810131,324.0,1.5853517062988178,83.83436619721833
97,3.5066673521067266,0.2692433210994772,2.1295447836320704,4.201226117420626,2.071681333788556,3.2142007301466373,3.823031682609647,-0.0025904803086222745,3.495068961648405,-1.8977146678452774,0.41774616488674415,-1.995744295058308,0.00030953117886836455,32.62728298499839,4.116933403314129,15.483878575979812,41.01371342582121,0.04347885480172199,6.6752763921256655,324.0,1.5799737147242376,83.5499747191144
98,3.5061843921745397,0.2691227468747876,2.138556110583413,4.201796973837129,2.063240863253716,3.2140059788617408,3.822801330672326,-0.0026002737106704736,3.4945466287842994,-1.8973347377958825,0.41823604974731454,-1.995283636272928,0.0007088973292597752,32.652115712561326,4.118310158305885,15.49907071436619,41.04923314430273,0.04362539160428687,6.672917673926582,323.0,1.5752185465278068,83.29851852152426
99,3.5051004339266254,0.26893892592128943,2.1437793669909317,4.201200470517945,2.057421103527013,3.2129100074036616,3.8218863257100244,-0.002607631742723708,3.4934245709694025,-1.8970045774163773,0.4188464005659871,-1.9943198333456515,0.0016972268277341874,32.64767456395258,4.135322062548897,15.54584996230821,41.05277512550887,0.04395654861792666,6.669539689861677,322.0,1.569798484648868,83.01190234003897
100,3.5054479186890566,0.26547378393904136,2.199196544880164,4.201289094579205,2.002092549699041,3.215054519385613,3.8214016529708448,-0.0025830371533214027,3.493741474287313,-1.8909127399289274,0.4318752742370957,-1.9968908750212224,0.005071881446587334,32.6993879231031,4.1434355534635925,15.304918047618916,41.02092182377061,0.04405772805545031,6.649290026561287,322.0,1.5702565375950357,83.0361244595057
101,3.500074246846,0.2780974884933766,2.0252901014990434,4.201033482375415,2.1757433808763715,3.2032780504909977,3.820842525193208,-0.002674175524965395,3.488377270510957,-1.8968789299198896,0.4193757586765284,-1.9939195524210047,-9.090347803085198e-05,32.724576765133094,4.183372291476193,15.799268512862437,41.34840278359994,0.04459342809794845,6.66040811623074,321.0,1.565249873909438,82.77136902689281
102,3.5011647157526498,0.2734435466054509,2.0874226328484515,4.201482697501314,2.1140600646528624,3.2036953020172882,3.820255815213676,-0.0026561419000425655,3.4894184185382997,-1.8964710309338209,0.41987506069301295,-1.9941986616958334,0.0010516290130581486,32.70434030242972,4.172822950886433,15.700361169536677,41.23753665797544,0.04462916770904116,6.660327383209477,320.0,1.559633933561147,82.4743946723507
103,3.500407285435189,0.2727539732933852,2.0863200514042264,4.196165946742788,2.1098458953385615,3.204963537865258,3.818421113967235,-0.0026402208602012145,3.488717647622065,-1.8967768141795405,0.41968280080139775,-1.9932029763532655,0.0024946169574364503,32.74051962267582,4.141460947088176,15.583653943323775,41.21700308433066,0.044162389523339854,6.660623934613906,321.0,1.5649820533392105,82.75720651161599
104,3.507816455272743,0.2757283357353109,2.0588247910323827,4.205246397279064,2.146421606246681,3.2045460700919928,3.828106666532876,-0.002659955684796024,3.496193772310435,-1.9031485600103595,0.4052945132199409,-1.9969727693616797,0.00028709959940812835,33.38712825139849,4.106168727289112,15.7368304453746,41.89753189273277,0.04361364011608416,6.697115781326789,322.0,1.57497949984227,83.28587758683834
105,3.5025243992110107,0.27939830506505453,2.007722684403967,4.201509838937999,2.1937871545340317,3.1946967777926067,3.823665287237321,-0.002697397251877227,3.490832049657711,-1.9028574663381217,0.40660201692694903,-2.0040394709724123,0.0011258644840676153,33.270627344923426,4.15734860812137,15.927198901729227,41.90270996402953,0.044440229438879826,6.685854729379789,320.0,1.5652811168780458,82.77302117414882
106,3.505155823274424,0.26716096018418656,2.190682586389996,4.201909525379603,2.0112269389896067,3.2101657999323123,3.8225369361236265,-0.0026288701597495497,3.493367515929656,-1.8963219640753084,0.42073904575858384,-2.0003771874564404,0.001227537594917131,33.115074143665915,4.145666540073196,15.530173199428368,41.48233804274523,0.044492431354885155,6.667064828661796,319.0,1.559755497470126,82.48082304608076
107,3.4983646475135717,0.2800179112567817,2.008435320437976,4.199865517000471,2.1914301965624947,3.1934888856934016,3.8195294651431677,-0.0027402492383186397,3.4865437500179377,-1.908430732943726,0.3948750790494943,-2.0052937156241972,0.0010402847333103626,32.90572814040102,4.18531988772862,16.24353767448054,41.641162265997195,0.04530876740598841,6.695568734814292,316.0,1.549897685670499,81.95953593923268
108,3.500140843862167,0.26887813430357094,2.1646360641399958,4.2008597336564515,2.0362236695164557,3.201747712710063,3.8185214604655475,-0.0026446663694923993,3.4882912028371598,-1.889754408573026,0.4344167924236918,-1.9945472659822978,0.00034126514562278867,32.953112654161664,4.228928723876436,15.616303952450377,41.433877603827945,0.045546794067142224,6.635233886481734,318.0,1.5438771531345021,81.64116650277282
109,3.49909547013937,0.2760027250501692,2.0647427536919833,4.20162098338246,2.1368782296904767,3.1977543531645565,3.8203764128485957,-0.0027040672805023745,3.4872486505418703,-1.8959167588975119,0.4220196727922293,-1.9938553434941435,-0.000648355297209732,33.2282109237263,4.2233786094138015,15.834325818822773,41.8543569979417,0.0456123967869746,6.6551151140043405,317.0,1.5450187488690073,81.70153478223752
110,3.5010357611640615,0.26906391858600187,2.170172617792397,4.201149059944848,2.0309764421524514,3.2024282397837402,3.820119527979626,-0.0026576722868432733,3.4891523376635933,-1.889387844169526,0.4354171727207348,-1.9945388143156637,0.002722359158197647,33.361342590516294,4.200820925974331,15.464641191504722,41.78271326384125,0.04539596976785596,6.636114973229826,317.0,1.5445940154102908,81.6790746176111
111,3.497212315865497,0.2725395525815381,2.120750718982474,4.200810741834928,2.080060022852454,3.194834363822309,3.817867599939759,-0.0026888596511653448,3.4852912645246636,-1.8889185963670394,0.4358379461976045,-2.0003871362753527,0.0017320639758289188,33.12431679486816,4.219242537204774,15.563020294670864,41.62744766181303,0.04572744529156258,6.627189575715263,316.0,1.5343086721758876,81.13517938745419
112,3.496089957852059,0.271483182584801,2.13627215665258,4.200373974181371,2.064101817528791,3.1937055995778225,3.8160885232480393,-0.002690113651052416,3.484128089082921,-1.8885071150010755,0.4362675159871197,-1.996471333028226,0.0004949274212671783,32.991553593266204,4.259597344555285,15.681639660544977,41.552128441464966,0.04632549294273907,6.623237412513379,315.0,1.5287603942958483,80.84178306554588
113,3.495877119417779,0.27453166041980637,2.0938572364769055,4.201791474587699,2.1079342381107935,3.191616827313977,3.8176815506759714,-0.0027118731072761624,3.4839212452523585,-1.8888180820733198,0.4365325722003185,-1.9936433250812406,0.0010239776284218605,33.2318318845246,4.262261181975609,15.729385388853952,41.839167194182565,0.04634999402406482,6.624588207274815,315.0,1.5289260249179843,80.85054171397351
114,3.493116071455022,0.2817618222544089,1.9959465760122976,4.20067023466464,2.204723658652343,3.1865310830006535,3.817670907694654,-0.0027562366376326854,3.4811777854053587,-1.8887930414931369,0.43658181390188044,-1.9952567240378403,0.0018837863099458731,33.5098123920945,4.274457633860022,15.831330065126625,42.23998716092915,0.046468690355316075,6.620380203646681,315.0,1.529091650133123,80.85930007647583
115,3.492655946458748,0.279043030854902,2.0305769860653866,4.20021831736756,2.1696413313021736,3.1849794199786614,3.8164877592270465,-0.002749930321179226,3.4806723215627624,-1.888168080257056,0.43714861287355133,-2.001090966399853,-0.00013231082391631182,33.382402850667845,4.268524433351918,15.774080921457678,42.040902384977116,0.0465625969943083,6.616655976924017,314.0,1.5239059324661248,80.5850761600015
116,3.49208824531703,0.2761335994927761,2.0758803797636745,4.200674971032527,2.124794591268852,3.185808643476845,3.8149346575495966,-0.002741824335439202,3.4800534459317483,-1.887904907597145,0.43794829478988856,-1.9951199234830206,0.0011947086906479835,33.17829959346276,4.274613938139993,15.736927633851103,41.803429062834496,0.046786881815855774,6.613953103082744,313.0,1.5186675419100615,80.30806686899294
117,3.490216477408044,0.2758276886812699,2.0793549048242492,4.200371214024706,2.121016309200457,3.1872358482716945,3.812965113448627,-0.002748446564402327,3.4781394230448623,-1.8877303662432205,0.4384469835295734,-1.995116853206629,0.001065313064968555,33.01591345323486,4.313576443869671,15.859411864170646,41.6886924602386,0.047377270671396327,6.609404452078552,312.0,1.5136482266426952,80.04264241301145
118,3.4905931958620466,0.277468540309286,2.0585109366080414,4.200965645223048,2.142454708615007,3.1822181790026653,3.8141967732746203,-0.0027604967689245754,3.47852283455362,-1.8878077163294114,0.438505597682676,-1.9949523118907793,0.0004787085189064806,33.271000362987586,4.3242665867829135,15.91598741775616,41.988171601182124,0.047498046112457525,6.610867999814261,312.0,1.5136050185229033,80.04035754125528
119,3.4911419366203664,0.2798972380490623,2.0253107306977376,4.201492773602507,2.17618204290477,3.1802023147920155,3.8161521126006575,-0.0027772316009622468,3.479079965991733,-1.887674933393443,0.4384231819570503,-1.994323430810411,0.0014011551714919052,33.61966967517867,4.305718262524468,15.86830618600774,42.33252236723314,0.04728411396844075,6.612194380909959,312.0,1.5139470614867965,80.05844498202711
120,3.49283645226053,0.280648377364394,2.0069579017420067,4.192768207316796,2.185810305574789,3.183704970515112,3.814796592506078,-0.0027615427979539517,3.480944743722657,-1.901022727285377,0.41018924523222833,-1.9935581248677674,0.0001912373509952447,33.29697162630193,4.0496455069214905,15.390799012717913,41.63553796804361,0.04417540893082678,6.6612392758662615,314.0,1.5339599193158786,81.1167371232789
121,3.5025157522808223,0.26895843585075985,2.19792648712031,4.204602036514753,2.0066755493944433,3.202764182650503,3.8226938554063015,-0.002687736176121098,3.490589761322115,-1.8951144121477894,0.42332838857169847,-2.002748484975491,0.003005896380260811,33.393130865360554,4.027667151212495,14.974760043026969,41.470498076928735,0.043786767040176006,6.658674383817552,315.0,1.5391372798653098,81.39051911027366
122,3.492953565598811,0.2795996279931968,2.0299415196572554,4.200995491738166,2.171053972080911,3.1860163626120914,3.8169700967332094,-0.0027689702711392364,3.4809688528098914,-1.8941478117057606,0.42451541923358677,-1.9944619397860412,0.001322240211430216,33.13820710362847,4.122985103685159,15.429273470190122,41.54038193238441,0.04511536239173233,6.637765251505028,313.0,1.5236247972838737,80.57020955991136
123,3.4917462636517236,0.27350870981613745,2.1171503915767786,4.201036137691208,2.0838857461144293,3.184742009927374,3.8137497976899484,-0.0027354855594686933,3.479678236356641,-1.8875042014728922,0.4382617517151343,-1.993640903324712,0.001962038617783373,32.84069778843796,4.157487508293686,15.285670514501184,41.13947017697289,0.04566593254160208,6.611865115396015,312.0,1.5135813035589147,80.03910347947992
124,3.490432264232956,0.2729068935891816,2.1309899052747716,4.200762329918291,2.0697724246435194,3.1864237777273505,3.812450720537917,-0.0027414487146221363,3.478320496109157,-1.8871434043422721,0.43906275735498046,-1.994011319738722,0.0007664599576748683,32.75739655594484,4.183156275222846,15.337804920642377,41.09041922644824,0.04610136218811115,6.607755127349178,311.0,1.5077850749847914,79.7325953734772
125,3.488861416967918,0.2728699120961805,2.1294318317485654,4.201013677167557,2.071581845418992,3.1874419824180245,3.811505034727347,-0.0027353428525983665,3.476726364960695,-1.8807630082774924,0.45190204705088705,-1.9944414808648834,0.0012256774265900067,32.77234087259374,4.202981030070509,15.19574756756187,41.10034021580957,0.046330229360638985,6.5831955268946505,311.0,1.5031960676037333,79.48992586125676
126,3.4891932104785104,0.27114343726176793,2.164511453629433,4.200439147859412,2.035927694229979,3.1894341157976944,3.81086827103701,-0.0027493186054497634,3.4769945723625595,-1.886419275237733,0.44033851342651237,-1.9927344450972762,0.002815913681284574,32.720417557744895,4.201910479264187,15.34518740438767,41.03075447325996,0.04662639181186418,6.602385118899781,309.0,1.4978220596995881,79.20574504207775
127,3.4878785713375917,0.27036963128436114,2.1743012710834013,4.200264786461796,2.0259635153783946,3.1882671937051867,3.809504238812276,-0.0027372772962861707,3.475654978621532,-1.8800039366336023,0.45328208839432876,-1.9942563048805741,0.0022981628295229055,32.710022803073514,4.212517381521927,15.168174468717591,40.99688397371006,0.04674918620485862,6.5780788674313975,309.0,1.492848534633516,78.94274199989883
128,3.486430546073901,0.2689857507962565,2.1928976284966537,4.200151660684939,2.007254032188285,3.1872388163390117,3.8077678287326613,-0.0027201343739987833,3.4741813378025324,-1.8733366537372407,0.465528036840312,-1.9933001058929758,0.0016961980319279539,32.62076759783716,4.2318435663728,14.988515460085168,40.88481342461614,0.046969157874182536,6.552182325228411,309.0,1.492414389867026,78.91978415957107
129,3.4812572775226682,0.2805884049743061,2.0298495899147295,4.200453152662228,2.1706035627474987,3.1761597869174927,3.807451278563109,-0.0028139540925752526,3.4690065070518106,-1.879702248133121,0.45377105836715836,-1.994355063355133,0.00036095829228417655,32.57651826255201,4.2680046087936,15.455848831933483,41.09400879501426,0.04750424968374389,6.565257691220833,308.0,1.487482776538081,78.65899743564148
130,3.4823550791204023,0.2757345575864043,2.0959492247836815,4.200291122451955,2.1043418976682737,3.177384827820924,3.8067047807432894,-0.0027926783592638602,3.4700551824759556,-1.8790751470067306,0.45452900446391487,-1.9927610429233324,0.00019610973754523192,32.58396494906228,4.266172820747234,15.372696453621494,41.01377835587309,0.0476591125122834,6.564536782096279,307.0,1.482535148640411,78.39736385153971
131,3.4835074286280525,0.2702230568822358,2.177723491219515,4.199877643371451,2.022154152151936,3.1807885975699053,3.8058773765689784,-0.002747776330205053,3.4711767094920627,-1.8728728303565048,0.46708909531252873,-1.9944391195904978,0.001518080994059945,32.623742674615976,4.259765769333201,15.085059850798949,40.90635248178393,0.047602725200524186,6.544882870469174,307.0,1.4827874322228984,78.41070476141842
132,3.478976541530706,0.2785599820113761,2.056251340337525,4.200436806124781,2.144185465787256,3.1723436719658333,3.8051282431984923,-0.0028034070638696677,3.4666572012213392,-1.8726786421400121,0.4668330320827534,-1.994379463643991,0.0005279711713773091,32.58599202496769,4.30066202858035,15.28540979172039,41.06596192416311,0.04804680497696741,6.53656429919081,307.0,1.476971179775059,78.10313778074762
133,3.483501191305966,0.2710187642003124,2.1512510632923165,4.193077426787744,2.041826363495428,3.182132560603377,3.805461117872666,-0.002742601686878657,3.4712416905694035,-1.872734820116884,0.4662180398477774,-1.992644974954703,0.002404244703822979,32.864544723781215,4.080941387761504,14.353135234179312,40.84520330629611,0.045440647453777815,6.5458998853889385,308.0,1.4819015554137276,78.36385905485969
134,3.4899701994096612,0.27165150373790076,2.1693699073642034,4.203372086437543,2.03400217907334,3.183738646738452,3.8138407447908813,-0.00275483357946831,3.4777611930338996,-1.8800362373714223,0.453311253523682,-1.9933389783603288,0.0008283088613030969,33.079651096902374,4.10422717641776,14.770077212198633,41.12807910254104,0.045543102424106426,6.58333176257603,309.0,1.4981366198874824,79.2223791768746
135,3.484801138956006,0.2744248030587602,2.116759239247948,4.202065190134895,2.0853059508869465,3.181174265615294,3.8095696199649414,-0.0027714930750984295,3.472530670138744,-1.8730214281226414,0.46638797880400595,-1.9933817364068822,0.0030675311032014436,32.932141650182686,4.167224495126409,14.779456854582858,41.094988453128494,0.046402286307189414,6.549813956978268,308.0,1.4820775214392872,78.37316424573085
136,3.47835437960934,0.28185158475661226,2.009424225590032,4.200086642861885,2.190662417271853,3.171344390376099,3.805916098126146,-0.002825982349040475,3.466051889388222,-1.8725486136074456,0.4670460159468524,-1.9932411647857315,0.0030467354150696246,32.755748003791545,4.224926755149784,14.9767673581737,41.11877573165318,0.04719680222344729,6.536305422962612,307.0,1.4771155312812152,78.11077117652985
137,3.475694933923807,0.2821225408880852,2.0034792344341588,4.199758658258613,2.1962794238244543,3.168516094512493,3.803468700161667,-0.0028361670633415418,3.463347852361133,-1.8724613181992062,0.46760190562357584,-1.995591810750265,0.002195963691779368,32.52965474617847,4.271493224906279,15.194456684647392,40.980034990626955,0.047877051134361116,6.53030853367702,306.0,1.4720772783056488,77.84434528297595
138,3.481431873453954,0.27031845545040223,2.172988732474185,4.199843161074874,2.026854428600689,3.179660527047976,3.804769199777409,-0.0027513153695706816,3.4690499884972597,-1.8659419458758726,0.4798199080245358,-1.9935321227601952,0.0019190547671286233,32.848065199041,4.229905234799717,14.738353367117021,41.017509953482886,0.04743552182276979,6.517891175711386,306.0,1.472248013656454,77.85337387257239
139,3.4796060336232353,0.2760443341294343,2.087464676179042,4.200352076636086,2.1128874004570437,3.1765906962672927,3.8058234413017504,-0.0027915727709282656,3.4672356374166227,-1.865786095147701,0.4796371624062805,-1.9930538887372675,0.0021311239778481466,33.072327061961936,4.223536418835768,14.708121022735583,41.299420742573055,0.04735477820326315,6.515044690455622,306.0,1.4670106672274665,77.57641979564112
140,3.4782258967329596,0.27467455818201325,2.110564313669325,4.200169604165679,2.0896052904963542,3.172961600329374,3.8039891215065467,-0.002791098881139849,3.465805395787243,-1.8654605849037513,0.4803629887383534,-1.996737767854495,0.0025488236883237985,32.85096451719535,4.2315095942649,14.72441075314622,41.105738037939375,0.04760114920696477,6.5105795338636545,305.0,1.4617672495335379,77.2991446665128
141,3.4743233868367187,0.2773685437531875,2.0724687293779813,4.199911577879335,2.1274428485013535,3.1658197325024124,3.8012162959636013,-0.002817745209683742,3.46186133611252,-1.865134613881632,0.48115670765904056,-1.9940890874950365,0.0015365248744252662,32.572302329954546,4.272118524208809,14.898983958873991,40.87704013237699,0.04822124144388272,6.501831392851949,304.0,1.4566952670489708,77.03093513592873
142,3.4737305453330443,0.27350409030007017,2.1253826973270513,4.199564012073342,2.0741813147462906,3.1657847246201802,3.799067625136055,-0.0027804843087911642,3.4612412181815975,-1.858515986418667,0.4926088565466325,-1.9932272893446619,0.001152214891556579,32.450684441760906,4.307107583090939,14.781570300342548,40.730219862268235,0.04861912470624597,6.477237133967776,304.0,1.451354972758956,76.74853711324945
143,3.47481272321405,0.27411896588082374,2.1147331324879475,4.199951033620322,2.0852179011323746,3.1685454198784546,3.8004224151708694,-0.0027862310251260372,3.4623296354889606,-1.8588972649148483,0.49288536462136934,-1.9966895581151058,0.003091812567802781,32.7394359440147,4.314471991597492,14.835032515243139,41.03226257370644,0.04871247433082346,6.481372898909967,304.0,1.451615926257375,76.76233649357621
144,3.476096426841386,0.2707101067699333,2.1738445330859366,4.19995987158867,2.0261153385027337,3.16978797452185,3.8007099260682082,-0.0027726935901590762,3.4635637655437175,-1.8581969672334215,0.49363110012121336,-1.9930274022141452,0.002962840512688362,32.775898242252914,4.253460060290458,14.48163008483192,40.89527781087817,0.04817678947416899,6.480595569076951,303.0,1.4468161332173683,76.50852050701118
145,3.4686822529487804,0.2832693778438166,1.9947266977360072,4.200414702164272,2.2056880044282647,3.156594705753639,3.7985563632939328,-0.0028560456840419934,3.456163750788982,-1.8581200056254086,0.4934164587081907,-1.9935942445664658,0.0006568763083351514,32.5817324044051,4.322639954618495,14.894456630896485,41.02491521192672,0.048951635707242466,6.467654920688552,303.0,1.4467570607768785,76.50539672029024
146,3.4661964701943586,0.2821947324675514,2.0033802121225017,4.199552965128597,2.1961727530060955,3.1520992539104946,3.7955484865470877,-0.0028562884296084736,3.453631181905507,-1.8577209868352302,0.4943028089733894,-1.9943703142615519,0.0026276137551773395,32.35021153014993,4.367565785231717,15.001527689503618,40.815968345794715,0.04963666916456909,6.4608883485748425,302.0,1.4413797481446793,76.22104114507394
147,3.468183423895935,0.27403294432013725,2.116470909151213,4.199706970400125,2.0832360612489116,3.1637725011662576,3.794352531413319,-0.002791176860793997,3.4555892597221805,-1.8512458354075154,0.5055252635242714,-1.9938361784378094,0.002131550219558885,32.28754240914786,4.387918298052043,14.793351308932568,40.65138669632271,0.04986925804460454,6.441289640682287,302.0,1.4362456252208178,75.94954559011889
148,3.4678606629897453,0.27831710554100686,2.051877342511651,4.199300346769649,2.1474230042579974,3.1565226657834087,3.7959856681208564,-0.0028214024062647703,3.4552781719122594,-1.8514531972432,0.5055032219238349,-1.9942060517882434,0.0003083819002708808,32.603239183227075,4.3654701294274805,14.735972038400192,40.965385542419945,0.049615930200156734,6.442538115019514,302.0,1.4368154153924828,75.9796764422933
149,3.4662499547181245,0.28238524242891305,2.003221375307111,4.200086391757318,2.196865016450207,3.151885037156888,3.796596705090502,-0.0028700185517553014,3.453645416581557,-1.8574211435317929,0.49499694759507895,-1.993515247147098,0.0028170347777114165,32.61208344144242,4.37997105530099,15.035693332402502,41.11319128215138,0.04994499027522605,6.460393446114065,301.0,1.4362945145860047,75.95213088960034
150,3.462469269360201,0.28188198416963234,1.9865974995249178,4.189989265375979,2.2033917658510607,3.152204848696956,3.789009431058028,-0.002844139339638048,3.4499366505328397,-1.857823928669184,0.4943078671975977,-1.99378580594933,0.0021921104214289405,32.26742656599958,4.383264304717054,15.116030490652314,40.78738321989129,0.049824082128437634,6.455304006493611,302.0,1.4418575315878015,76.24630662526647
151,3.480518309485383,0.270428573348554,2.1908121182442706,4.202670619155847,2.0118585009115764,3.179529772121388,3.805626403826517,-0.002772377428095847,3.468111227478619,-1.8658259561850365,0.4805485663838978,-1.9962132509416517,0.0023628760398125477,32.637733704417855,4.214467261135465,14.61549899635644,40.73001188190229,0.0474264599986024,6.516894927815363,305.0,1.4672063484781797,77.58676753965592
152,3.4723137993738336,0.2802109931464832,2.033261415031626,4.199186500777735,2.165925085746109,3.1657943987020745,3.801170393106694,-0.0028507824707713542,3.4598382373319136,-1.8647784241320742,0.4816733351722642,-1.993458887321793,0.0012510749735953092,32.665258715232376,4.283289390084547,14.927798837348792,40.990354594470126,0.04852169696384468,6.498549957132728,303.0,1.4518640367848885,76.77545672975997
153,3.474362108592906,0.2695426070546689,2.19135439601875,4.199638763972608,2.0082843679538582,3.1706377331249,3.798864138689017,-0.0027765427400506877,3.4617986562224545,-1.8578958465335809,0.4944188415321409,-1.9936626344417874,0.0026139024713906912,32.502652632323915,4.270076308909606,14.55595934101624,40.62521315513875,0.0485409436642556,6.476715602413521,302.0,1.4471379752748499,76.52553971151791
154,3.4722823212388754,0.2699344065566691,2.1840705012733683,4.200028390360542,2.0159578890871734,3.1674685811868257,3.797254087439848,-0.002768073834456944,3.4596979308800853,-1.8511947629213035,0.5056082033558461,-1.9935668796843673,0.0027107013781295553,32.446842086875606,4.299125865852939,14.467809862922067,40.58944296824891,0.048861103432750866,6.449545419450292,302.0,1.441790586562399,76.24276653144855
155,3.4701761898320465,0.2710858021641952,2.1664368343684446,4.199347098159206,2.032910263790761,3.1634917672280944,3.795719836353579,-0.002783463156589185,3.4575478869940426,-1.8509042611451945,0.5063097294204744,-1.9934697961407999,0.0007252787010097335,32.39361892904713,4.325115898670607,14.522716520451834,40.584393586876246,0.049329416020706195,6.444239666494198,301.0,1.431630947911111,75.70551863639822
156,3.4635011119445216,0.2832898045943784,1.987193667465448,4.199148920577739,2.211955253112291,3.152410187409007,3.794286119622599,-0.002864426462105071,3.450891647959928,-1.850858274670624,0.5063070156205356,-1.9934414275491175,-0.00017952143405607933,32.417221778010834,4.3883223279882495,14.846307163356741,40.884444140401214,0.050046982113281215,6.433283123701231,301.0,1.4318084249673686,75.71490373149528
157,3.467453100453348,0.2734041808329979,2.1314172797434523,4.199648027535327,2.0682307477918744,3.1592865701733928,3.7945193549938936,-0.002809314505659699,3.4547820479858182,-1.8504182940365097,0.5071972807923033,-1.9940355259074865,0.0012810100184850572,32.40094040453025,4.3463556783787,14.590952272015116,40.65159637790841,0.04974371040203055,6.4375561717320515,300.0,1.4262562585106868,75.42130177927987
158,3.4675864728547845,0.2695141803952856,2.188995882590831,4.1991931757384515,2.0101972931476206,3.1680870182524843,3.7930143584885463,-0.002768502672473831,3.454890957621253,-1.8436892876926974,0.5181427821072656,-1.9937717858912956,0.000535666450658973,32.36314241861482,4.351714431704272,14.39126369453059,40.53138082339522,0.049793720875183564,6.413691263035827,300.0,1.4260877528924913,75.41239109930522
159,3.462182535852444,0.2801600866578969,2.0322464946417114,4.199053572226856,2.166807077585145,3.1507784224763755,3.7921399362672217,-0.0028625361697274957,3.4494768456174945,-1.8498733070449755,0.507894137527647,-1.9938797141417293,0.0026041426376996195,32.382600705235255,4.4093849536368666,14.846733864485739,40.821433488540606,0.05063707354844958,6.426440089419117,299.0,1.4212633510031694,75.157273781763
160,3.465962999117946,0.2708827931569411,2.1695130053947387,4.199879744716988,2.030366739322249,3.165318704165661,3.792187474668442,-0.002787663625958276,3.4532251495866664,-1.8432877207292044,0.5188324984812375,-1.9940053249383378,0.0009364024885806814,32.4323818014572,4.376928450134194,14.467539181470535,40.643362943412974,0.05025705306799228,6.40938909384369,299.0,1.4163272748795108,74.89625106252409
161,3.4601727514874407,0.28320564015052707,1.9917978280585305,4.1986801794397035,2.2068823513811733,3.1472456059943643,3.791571522702297,-0.002892476253635928,3.447427864140917,-1.8494580225090995,0.5087585272156274,-1.9936134940183787,0.0012154494508675095,32.48861829940489,4.415256194230411,14.86547033091178,40.97063567014205,0.050875907977415674,6.42152233573453,298.0,1.4165781829175994,74.90951923277514
162,3.464226115253961,0.2718094069576828,2.1534486462617073,4.199235005181635,2.045786358919928,3.1628398386826286,3.791076207581207,-0.002802989893571693,3.4514460333151638,-1.8426221358637018,0.5198946086774101,-1.9932783787552537,0.0024889122249394918,32.524062377970175,4.383646752360037,14.450426693281024,40.74888323397497,0.05050975069122729,6.40388564321419,298.0,1.4108401729425177,74.60608976183626
163,3.458799193390812,0.28154248712251484,2.0101572712330453,4.198950996279868,2.188793725046823,3.1472558215782156,3.789962839061547,-0.002868776698701161,3.4460332803264664,-1.8427098003104345,0.5196065660798354,-1.9936687629475545,0.0026875024090308453,32.482615965621896,4.428070620096844,14.678682909118038,40.93461596721165,0.051013676676683904,6.395302053196996,298.0,1.4109949628347804,74.61427514584918
164,3.4620805499710854,0.27338203683256124,2.132718741006573,4.199393701075195,2.066674960068622,3.1595457685159096,3.7898529972337114,-0.0028229949568674383,3.449255914505639,-1.842239518040086,0.5205366588751019,-1.9932378340066106,0.0009947078732730503,32.46389583182878,4.408949817284241,14.528073987766035,40.74175890345818,0.05097484168030319,6.3982540696169545,297.0,1.4061714290398801,74.35920373366997
165,3.4578782949034514,0.2814693412732219,2.0114763339798887,4.198994975977764,2.1875186419978756,3.1479204533315617,3.7892099940086745,-0.0028779468999459695,3.4450685030655666,-1.842252843487983,0.5205423339703974,-1.9929534332525367,0.0027780084228780505,32.55681404542561,4.442695390898806,14.712055140444438,41.00964443691023,0.0513610862027672,6.3919489834783745,297.0,1.4063358479692922,74.36789830704656
166,3.461590937144894,0.2711287554522599,2.1610456063312298,4.198421699164089,2.0373760928328593,3.160452587882744,3.7884507635113396,-0.002792874380119039,3.4487503293932975,-1.8356063485512333,0.5311150305328971,-1.9975549047179482,0.0017032344350931606,32.576296430484255,4.412579006003441,14.349158268632564,40.80558697887537,0.05100271340845231,6.374171873674767,297.0,1.4004552399066514,74.05692816217145
167,3.462906230864041,0.28163618896619136,2.0143553387267827,4.188887274283021,2.1745319355562387,3.1529691007325242,3.7926828066286227,-0.002893716511783107,3.4502200036700206,-1.8561013515700384,0.49740511520485786,-1.9933150584565904,0.0005141412894631021,32.81804879809979,4.125296278923238,13.979287257930118,40.92586026351328,0.04752025411640068,6.451235548934402,298.0,1.4217865046055154,75.18493846367691
168,3.4753580425264796,0.27473843821115856,2.1732119934933296,4.2050716026539625,2.031859609160633,3.1657113660869656,3.8073122823487413,-0.0028553962688754432,3.4627098361292483,-1.8574370794605966,0.49591138171784854,-2.0060375207298797,0.001683361634121328,32.92941193334214,3.9194235342978154,13.113679247288992,40.57390100608222,0.04474348216616148,6.477705060324966,300.0,1.4324552720625434,75.74910940083355
